{"cameraMode":{"drawMode":0,"name":"Shaded","section":"Shading Mode"},"sceneLighting":true,"audioPlay":false,"sceneViewState":{"showFog":false,"showMaterialUpdate":false,"showSkybox":false,"showFlares":false,"showImageEffects":false,"showParticleSystems":false},"in2DMode":false,"pivot":{"x":-2.095470428466797,"y":-121.13117218017578,"z":156.48182678222657},"rotation":{"x":-0.2741854786872864,"y":0.02167375758290291,"z":-0.006183969788253307,"w":-0.9614338874816895},"size":120.62874603271485,"orthographic":false}