{"cameraMode":{"drawMode":0,"name":"Shaded","section":"Shading Mode"},"sceneLighting":true,"audioPlay":false,"sceneViewState":{"showFog":false,"showMaterialUpdate":false,"showSkybox":false,"showFlares":false,"showImageEffects":false,"showParticleSystems":false},"in2DMode":false,"pivot":{"x":150.22442626953126,"y":-57.85551834106445,"z":-144.30897521972657},"rotation":{"x":-0.04926512390375137,"y":-0.9180270433425903,"z":0.12077821791172028,"w":-0.3745054602622986},"size":120.62874603271485,"orthographic":false}