{"cameraMode":{"drawMode":0,"name":"Shaded","section":"Shading Mode"},"sceneLighting":true,"audioPlay":false,"sceneViewState":{"showFog":false,"showMaterialUpdate":false,"showSkybox":false,"showFlares":false,"showImageEffects":false,"showParticleSystems":false},"in2DMode":false,"pivot":{"x":237.15550231933595,"y":-220.5844268798828,"z":64.82572937011719},"rotation":{"x":0.29736560583114626,"y":0.5646410584449768,"z":-0.22835029661655427,"w":0.73529052734375},"size":335.4045104980469,"orthographic":false}