{"cameraMode":{"drawMode":0,"name":"Shaded","section":"Shading Mode"},"sceneLighting":true,"audioPlay":false,"sceneViewState":{"showFog":false,"showMaterialUpdate":false,"showSkybox":false,"showFlares":false,"showImageEffects":false,"showParticleSystems":false},"in2DMode":false,"pivot":{"x":-5.759486198425293,"y":-110.25630950927735,"z":163.07530212402345},"rotation":{"x":-0.2741854786872864,"y":0.02167375758290291,"z":-0.006183969788253307,"w":-0.9614338874816895},"size":341.3660583496094,"orthographic":false}