{"cameraMode":{"drawMode":0,"name":"Shaded","section":"Shading Mode"},"sceneLighting":true,"audioPlay":false,"sceneViewState":{"showFog":false,"showMaterialUpdate":false,"showSkybox":false,"showFlares":false,"showImageEffects":false,"showParticleSystems":false},"in2DMode":false,"pivot":{"x":-4.8551530838012699,"y":-0.9771461486816406,"z":-7.864811897277832},"rotation":{"x":-0.0698310062289238,"y":0.9027119278907776,"z":-0.16036155819892884,"w":-0.3930981159210205},"size":9.939372062683106,"orthographic":false}